﻿{
  "ProviderId": "Microsoft.VisualStudio.ConnectedService.Wcf",
  "Version": "15.0.20628.921",
  "ExtendedData": {
    "Uri": "https://de.hospitalaustral.edu.ar/Comunicaciones/Services/MailsService.svc",
    "Namespace": "MailServiceReference",
    "SelectedAccessLevelForGeneratedClass": "Public",
    "GenerateMessageContract": false,
    "ReuseTypesinReferencedAssemblies": true,
    "ReuseTypesinAllReferencedAssemblies": true,
    "CollectionTypeReference": {
      "Item1": "System.Collections.ArrayList",
      "Item2": "System.Collections.NonGeneric.dll"
    },
    "DictionaryCollectionTypeReference": {
      "Item1": "System.Collections.Generic.Dictionary`2",
      "Item2": "System.Collections.dll"
    },
    "CheckedReferencedAssemblies": [],
    "InstanceId": null,
    "Name": "MailServiceReference",
    "Metadata": {}
  }
}